algo,size,trial,runtime_ns,cpu_ns,cost,nodes_expanded
nn,5,0,15000,14000,5.0,0
nn,5,1,5000,4000,2.302807275241958,0
nn,5,2,4000,3000,2.9137650752037545,0
nn,5,3,8000,8000,2.092769076252572,0
nn,5,4,4000,4000,1.7368906789492429,0
nn,5,5,4000,4000,1.8475581122675475,0
nn,5,6,4000,5000,3.077030753170252,0
nn,5,7,4000,4000,2.992680172101702,0
nn,5,8,4000,5000,2.7273840284710706,0
nn,5,9,3000,4000,2.1702492106510727,0
nn,5,10,4000,4000,2.7660935522074466,0
nn,6,0,5000,5000,6.0,0
nn,6,1,5000,5000,2.6603705791553898,0
nn,6,2,5000,4000,2.3857942300953416,0
nn,6,3,5000,4000,2.616438241140525,0
nn,6,4,5000,4000,2.8277534068222785,0
nn,6,5,5000,4000,2.204890873346207,0
nn,6,6,5000,4000,2.1213700507683013,0
nn,6,7,5000,4000,1.7547496920325507,0
nn,6,8,5000,5000,2.321612196520988,0
nn,6,9,5000,4000,2.59902954293914,0
nn,6,10,5000,4000,2.510452305693461,0
nn,7,0,6000,5000,7.0,0
nn,7,1,6000,5000,2.8951894710008785,0
nn,7,2,5000,5000,2.3375056646255032,0
nn,7,3,6000,5000,2.869514277468648,0
nn,7,4,8000,8000,3.092508367112796,0
nn,7,5,5000,5000,2.9349535621043024,0
nn,7,6,6000,5000,2.623531780712397,0
nn,7,7,6000,5000,2.6403766181762567,0
nn,7,8,6000,6000,2.9353243490974883,0
nn,7,9,6000,5000,2.7312310951441527,0
nn,7,10,6000,5000,2.150708626659995,0
nn,8,0,7000,6000,8.0,0
nn,8,1,7000,6000,2.337035616655519,0
nn,8,2,6000,6000,2.744353565789672,0
nn,8,3,7000,6000,3.480259437443576,0
nn,8,4,12000,13000,2.677493529243073,0
nn,8,5,7000,6000,2.4472699508904205,0
nn,8,6,7000,6000,2.661481384018112,0
nn,8,7,7000,7000,2.8276313645808298,0
nn,8,8,9000,8000,2.8759225447740437,0
nn,8,9,7000,6000,2.9245232677730293,0
nn,8,10,9000,9000,2.700607429578521,0
nn,9,0,8000,7000,2.9501001135332454,0
nn,9,1,10000,10000,4.088437244099089,0
nn,9,2,9000,8000,3.70722804162796,0
nn,9,3,10000,9000,2.4796224566556866,0
nn,9,4,8000,8000,2.8654316247569143,0
nn,9,5,9000,9000,2.8578466289773496,0
nn,9,6,8000,7000,3.193828918433327,0
nn,9,7,8000,9000,3.574588355070119,0
nn,9,8,8000,7000,3.162112012434963,0
nn,9,9,8000,8000,2.536506670192419,0
nn,10,0,10000,9000,2.698943228318944,0
nn,10,1,9000,9000,2.970647263806921,0
nn,10,2,10000,9000,3.590847337015066,0
nn,10,3,9000,8000,3.483118298482454,0
nn,10,4,11000,10000,3.7121823781833925,0
nn,10,5,10000,9000,2.847858890233979,0
nn,10,6,10000,9000,2.960850034415725,0
nn,10,7,9000,10000,3.164341647836845,0
nn,10,8,9000,8000,3.356254627355101,0
nn,10,9,9000,8000,3.2610975833465736,0
nn,15,0,17000,17000,4.475034600141252,0
nn,15,1,17000,16000,3.9261762959234,0
nn,15,2,16000,15000,3.9989671319673215,0
nn,15,3,17000,15000,3.417148280048879,0
nn,15,4,17000,16000,3.3408843984374395,0
nn,15,5,17000,16000,3.918767754363258,0
nn,15,6,16000,15000,3.4613287033472,0
nn,15,7,16000,16000,3.083606627661779,0
nn,15,8,16000,15000,2.7818963411812474,0
nn,15,9,16000,16000,3.6990596801802242,0
nn,20,0,28000,28000,3.9623527747257015,0
nn,20,1,27000,26000,4.725527534528709,0
nn,20,2,28000,27000,5.274989374130197,0
nn,20,3,27000,26000,5.506556040129809,0
nn,20,4,27000,28000,3.7357356951815293,0
nn,20,5,27000,26000,4.0510809276076545,0
nn,20,6,27000,27000,4.917943756532523,0
nn,20,7,27000,26000,4.488141714808526,0
nn,20,8,27000,27000,5.419122941271862,0
nn,20,9,26000,26000,3.8289489942794606,0
nn2opt,5,0,26000,26000,5.0,0
nn2opt,5,1,25000,24000,2.249612736828632,0
nn2opt,5,2,22000,21000,2.585467868932958,0
nn2opt,5,3,14000,13000,2.092769076252572,0
nn2opt,5,4,22000,21000,1.730408540073093,0
nn2opt,5,5,14000,14000,1.8475581122675475,0
nn2opt,5,6,17000,17000,2.907493662653474,0
nn2opt,5,7,14000,14000,2.992680172101702,0
nn2opt,5,8,14000,14000,2.7273840284710706,0
nn2opt,5,9,21000,22000,2.1307530483783985,0
nn2opt,5,10,18000,18000,2.616055718212318,0
nn2opt,6,0,23000,23000,6.0,0
nn2opt,6,1,23000,22000,2.6603705791553898,0
nn2opt,6,2,23000,22000,2.3857942300953416,0
nn2opt,6,3,29000,27000,2.5826910133607814,0
nn2opt,6,4,30000,30000,2.715084117393127,0
nn2opt,6,5,22000,23000,2.204890873346207,0
nn2opt,6,6,22000,21000,2.1213700507683013,0
nn2opt,6,7,22000,22000,1.7547496920325507,0
nn2opt,6,8,33000,32000,1.9668510853745373,0
nn2opt,6,9,34000,35000,2.4785680059775688,0
nn2opt,6,10,22000,21000,2.510452305693461,0
nn2opt,7,0,34000,34000,7.0,0
nn2opt,7,1,66000,65000,2.548515833666206,0
nn2opt,7,2,62000,58000,2.1133715738835726,0
nn2opt,7,3,34000,34000,2.7655386558697854,0
nn2opt,7,4,60000,59000,2.8468180375751113,0
nn2opt,7,5,57000,56000,2.490845941532837,0
nn2opt,7,6,37000,37000,2.5723564469140525,0
nn2opt,7,7,78000,77000,2.4448035227533667,0
nn2opt,7,8,49000,50000,2.8691626616349586,0
nn2opt,7,9,37000,36000,2.499723714921385,0
nn2opt,7,10,37000,37000,1.9213979013365257,0
nn2opt,8,0,42000,42000,8.0,0
nn2opt,8,1,101000,99000,2.1994158156662635,0
nn2opt,8,2,46000,45000,2.697817570128087,0
nn2opt,8,3,105000,104000,2.922101088853702,0
nn2opt,8,4,46000,41000,2.677493529243073,0
nn2opt,8,5,67000,66000,2.3796530921919175,0
nn2opt,8,6,47000,46000,2.6414412178753333,0
nn2opt,8,7,52000,52000,2.6801242091455992,0
nn2opt,8,8,69000,69000,2.653053185766895,0
nn2opt,8,9,42000,40000,2.9245232677730293,0
nn2opt,8,10,101000,100000,2.3974053238819213,0
nn2opt,9,0,103000,103000,2.80888213382602,0
nn2opt,9,1,140000,140000,3.560406615816078,0
nn2opt,9,2,192000,192000,2.9762434929458994,0
nn2opt,9,3,66000,65000,2.4796224566556866,0
nn2opt,9,4,94000,95000,2.8339168666810615,0
nn2opt,9,5,102000,102000,2.7163262667987818,0
nn2opt,9,6,153000,153000,3.1261762736229946,0
nn2opt,9,7,76000,75000,3.4957313837443618,0
nn2opt,9,8,101000,100000,2.9485998664242383,0
nn2opt,9,9,115000,115000,2.250907469307563,0
nn2opt,10,0,154000,154000,2.426402243497892,0
nn2opt,10,1,129000,128000,2.91984797950471,0
nn2opt,10,2,146000,145000,3.359837310139135,0
nn2opt,10,3,213000,211000,3.4420740877089218,0
nn2opt,10,4,256000,257000,3.2268629179918995,0
nn2opt,10,5,169000,165000,2.334051028911734,0
nn2opt,10,6,137000,137000,2.9244965029241046,0
nn2opt,10,7,125000,124000,2.904477671775596,0
nn2opt,10,8,165000,165000,2.983899143056186,0
nn2opt,10,9,160000,159000,2.828184716381501,0
nn2opt,15,0,1271000,1267000,3.7449198670800383,0
nn2opt,15,1,566000,566000,3.6956512268945216,0
nn2opt,15,2,558000,556000,3.5661274133674508,0
nn2opt,15,3,560000,559000,3.2555221788750175,0
nn2opt,15,4,423000,419000,3.0376088161830257,0
nn2opt,15,5,410000,410000,3.0538242001750437,0
nn2opt,15,6,863000,862000,2.8747424255513714,0
nn2opt,15,7,300000,299000,3.0407560736023016,0
nn2opt,15,8,236000,234000,2.7818963411812474,0
nn2opt,15,9,576000,575000,3.462213134511827,0
nn2opt,20,0,1000000,999000,3.8398574053389445,0
nn2opt,20,1,1439000,1438000,4.398054454836867,0
nn2opt,20,2,2319000,2317000,3.9653865668543813,0
nn2opt,20,3,932000,931000,4.6986624789991485,0
nn2opt,20,4,2212000,2212000,3.483894774010487,0
nn2opt,20,5,1152000,1151000,3.3782565870470767,0
nn2opt,20,6,1131000,1131000,3.8691641956046054,0
nn2opt,20,7,3217000,3179000,3.333998744542599,0
nn2opt,20,8,3477000,3467000,4.662431349587166,0
nn2opt,20,9,1504000,1500000,3.742468551618999,0
rrnn,5,0,1013000,1012000,5.0,0
rrnn,5,1,1087000,1088000,2.249612736828632,0
rrnn,5,2,926000,924000,2.4324100724478357,0
rrnn,5,3,996000,996000,2.092769076252572,0
rrnn,5,4,978000,978000,1.730408540073093,0
rrnn,5,5,1069000,1068000,1.8381227481602798,0
rrnn,5,6,1259000,1250000,2.907493662653474,0
rrnn,5,7,1032000,1028000,2.9076783169773255,0
rrnn,5,8,975000,972000,2.7273840284710706,0
rrnn,5,9,1207000,1142000,2.1307530483783985,0
rrnn,5,10,1203000,1199000,2.616055718212318,0
rrnn,6,0,1633000,1630000,6.0,0
rrnn,6,1,1747000,1741000,2.6549481998199593,0
rrnn,6,2,1926000,1925000,2.3857942300953416,0
rrnn,6,3,1699000,1698000,2.5826910133607814,0
rrnn,6,4,1790000,1786000,2.624479955310725,0
rrnn,6,5,1811000,1807000,2.204890873346207,0
rrnn,6,6,1769000,1766000,2.1213700507683013,0
rrnn,6,7,1846000,1844000,1.7547496920325507,0
rrnn,6,8,1847000,1830000,1.9668510853745373,0
rrnn,6,9,1735000,1730000,2.4785680059775688,0
rrnn,6,10,1816000,1815000,2.4525779741476916,0
rrnn,7,0,2960000,2958000,7.0,0
rrnn,7,1,3136000,3136000,2.548515833666206,0
rrnn,7,2,2901000,2897000,2.1133715738835726,0
rrnn,7,3,2747000,2746000,2.7655386558697854,0
rrnn,7,4,3111000,3108000,2.846818037575111,0
rrnn,7,5,2704000,2699000,2.490845941532837,0
rrnn,7,6,3127000,3123000,2.5723564469140525,0
rrnn,7,7,3514000,3510000,2.399317511596459,0
rrnn,7,8,3303000,3304000,2.8691626616349586,0
rrnn,7,9,3113000,3109000,2.313145784495734,0
rrnn,7,10,2946000,2942000,1.9213979013365257,0
rrnn,8,0,4350000,4346000,8.0,0
rrnn,8,1,5280000,5276000,2.169253240672645,0
rrnn,8,2,5503000,5498000,2.617022360072963,0
rrnn,8,3,5043000,5039000,2.922101088853702,0
rrnn,8,4,4617000,4614000,2.5500304966934046,0
rrnn,8,5,4642000,4638000,2.259541309300535,0
rrnn,8,6,5784000,5781000,2.6379582091479707,0
rrnn,8,7,5203000,5200000,2.6801242091455992,0
rrnn,8,8,4125000,4120000,2.653053185766895,0
rrnn,8,9,4866000,4862000,2.9245232677730293,0
rrnn,8,10,5543000,5540000,2.3974053238819213,0
rrnn,9,0,8079000,8075000,2.761946756155129,0
rrnn,9,1,9378000,9376000,3.425061693053154,0
rrnn,9,2,7985000,7981000,2.976243492945899,0
rrnn,9,3,9498000,9497000,2.4796224566556866,0
rrnn,9,4,7607000,7602000,2.7487899806456584,0
rrnn,9,5,6968000,6964000,2.7163262667987818,0
rrnn,9,6,9567000,9565000,2.8945244142259123,0
rrnn,9,7,8550000,8549000,3.4309257711030487,0
rrnn,9,8,7379000,7379000,2.9485998664242383,0
rrnn,9,9,6616000,6612000,2.2509074693075624,0
rrnn,10,0,10406000,10405000,2.4264022434978916,0
rrnn,10,1,10716000,10713000,2.91984797950471,0
rrnn,10,2,11382000,11379000,3.351320331000942,0
rrnn,10,3,14577000,14573000,3.4420740877089218,0
rrnn,10,4,16489000,16484000,3.2268629179918995,0
rrnn,10,5,10883000,10879000,2.334051028911734,0
rrnn,10,6,11770000,11766000,2.8527480232166775,0
rrnn,10,7,12022000,12018000,2.8362240587991128,0
rrnn,10,8,14183000,14182000,2.983899143056186,0
rrnn,10,9,13787000,13784000,2.828184716381501,0
rrnn,15,0,65020000,65017000,3.679208701557944,0
rrnn,15,1,70038000,70029000,3.2927732135176573,0
rrnn,15,2,63546000,63543000,3.3761934836352916,0
rrnn,15,3,68776000,68771000,3.255522178875017,0
rrnn,15,4,52277000,52265000,3.0376088161830257,0
rrnn,15,5,57209000,57209000,3.034791260708352,0
rrnn,15,6,63423000,63420000,2.8747424255513714,0
rrnn,15,7,65774000,65770000,2.953731551886327,0
rrnn,15,8,60995000,60991000,2.781896341181247,0
rrnn,15,9,69974000,69972000,3.279437951566352,0
rrnn,20,0,204116000,203917000,3.7074426667791287,0
rrnn,20,1,178056000,178036000,4.375786140605382,0
rrnn,20,2,192791000,192735000,3.9633563103617404,0
rrnn,20,3,197991000,197952000,4.1051862170918,0
rrnn,20,4,241801000,241786000,3.483894774010487,0
rrnn,20,5,186399000,186392000,3.3650292539189626,0
rrnn,20,6,224148000,224137000,3.8691641956046054,0
rrnn,20,7,227047000,227032000,3.333998744542599,0
rrnn,20,8,181539000,181529000,4.662431349587166,0
rrnn,20,9,239214000,239204000,3.652638422142972,0
